group,function,value,sample_time_nanos,iteration_count
oddsketch decode,,,48146.0,116
oddsketch decode,,,95403.0,232
oddsketch decode,,,142806.0,348
oddsketch decode,,,190370.0,464
oddsketch decode,,,242137.0,580
oddsketch decode,,,285544.0,696
oddsketch decode,,,335210.0,812
oddsketch decode,,,384108.0,928
oddsketch decode,,,428495.0,1044
oddsketch decode,,,478157.0,1160
oddsketch decode,,,523715.0,1276
oddsketch decode,,,571595.0,1392
oddsketch decode,,,625071.0,1508
oddsketch decode,,,682364.0,1624
oddsketch decode,,,730811.0,1740
oddsketch decode,,,779530.0,1856
oddsketch decode,,,827509.0,1972
oddsketch decode,,,876740.0,2088
oddsketch decode,,,920750.0,2204
oddsketch decode,,,954908.0,2320
oddsketch decode,,,998602.0,2436
oddsketch decode,,,1046936.0,2552
oddsketch decode,,,1098135.0,2668
oddsketch decode,,,1142167.0,2784
oddsketch decode,,,1189446.0,2900
oddsketch decode,,,1282268.0,3016
oddsketch decode,,,1305912.0,3132
oddsketch decode,,,1332737.0,3248
oddsketch decode,,,1379372.0,3364
oddsketch decode,,,1461448.0,3480
oddsketch decode,,,1479188.0,3596
oddsketch decode,,,1530351.0,3712
oddsketch decode,,,1570453.0,3828
oddsketch decode,,,1663033.0,3944
oddsketch decode,,,1671846.0,4060
oddsketch decode,,,1730732.0,4176
oddsketch decode,,,1773353.0,4292
oddsketch decode,,,1807959.0,4408
oddsketch decode,,,1857276.0,4524
oddsketch decode,,,1904495.0,4640
oddsketch decode,,,1951249.0,4756
oddsketch decode,,,2000452.0,4872
oddsketch decode,,,2046208.0,4988
oddsketch decode,,,2109184.0,5104
oddsketch decode,,,2142621.0,5220
oddsketch decode,,,2191726.0,5336
oddsketch decode,,,2236771.0,5452
oddsketch decode,,,2298734.0,5568
oddsketch decode,,,2358091.0,5684
oddsketch decode,,,2396231.0,5800
oddsketch decode,,,2468067.0,5916
oddsketch decode,,,2506282.0,6032
oddsketch decode,,,2526445.0,6148
oddsketch decode,,,2568538.0,6264
oddsketch decode,,,2658666.0,6380
oddsketch decode,,,2692939.0,6496
oddsketch decode,,,2729050.0,6612
oddsketch decode,,,2764175.0,6728
oddsketch decode,,,2808822.0,6844
oddsketch decode,,,2887088.0,6960
oddsketch decode,,,2902286.0,7076
oddsketch decode,,,2951424.0,7192
oddsketch decode,,,3030550.0,7308
oddsketch decode,,,3074447.0,7424
oddsketch decode,,,3092323.0,7540
oddsketch decode,,,3141895.0,7656
oddsketch decode,,,3197235.0,7772
oddsketch decode,,,3233344.0,7888
oddsketch decode,,,3332054.0,8004
oddsketch decode,,,3376157.0,8120
oddsketch decode,,,3405780.0,8236
oddsketch decode,,,3518139.0,8352
oddsketch decode,,,3471539.0,8468
oddsketch decode,,,3549621.0,8584
oddsketch decode,,,3597479.0,8700
oddsketch decode,,,3646873.0,8816
oddsketch decode,,,3662703.0,8932
oddsketch decode,,,3721482.0,9048
oddsketch decode,,,3812973.0,9164
oddsketch decode,,,3869657.0,9280
oddsketch decode,,,3851028.0,9396
oddsketch decode,,,3988008.0,9512
oddsketch decode,,,3949154.0,9628
oddsketch decode,,,3999210.0,9744
oddsketch decode,,,4261380.0,9860
oddsketch decode,,,4188110.0,9976
oddsketch decode,,,4231197.0,10092
oddsketch decode,,,4186511.0,10208
oddsketch decode,,,4235009.0,10324
oddsketch decode,,,4280857.0,10440
oddsketch decode,,,4382800.0,10556
oddsketch decode,,,4417043.0,10672
oddsketch decode,,,4454145.0,10788
oddsketch decode,,,4512333.0,10904
oddsketch decode,,,4518781.0,11020
oddsketch decode,,,4590986.0,11136
oddsketch decode,,,4647500.0,11252
oddsketch decode,,,4690386.0,11368
oddsketch decode,,,4732999.0,11484
oddsketch decode,,,4786518.0,11600
